timestamp,code,tests
1583856504,577349,498297
1584970311,579500,500861
1585763938,582032,483764
1586989366,592534,510496
1588160070,590573,515446
1589238165,596176,540380
1590153295,599602,542587
1591040728,603467,546805
1591812102,607784,547275
1592455951,610688,549546
1593136849,611446,557688
1594053186,616240,561484
1595376121,619289,566997
1596821900,627355,601493
1597940796,633896,608992
1599060132,639117,611146
1599843644,642940,622528
1600691209,644131,627952
1601922374,644390,629975
1602762872,649719,634556
1603919411,654603,640035
1604932100,663414,641462
1605430855,656580,642675
1606152211,671679,652139
1607024547,675560,654194
1607723216,678085,657801
1610469437,679863,660100
1611757571,684042,671284
1612899773,688275,679090
1613768261,690166,683303
1614594034,693758,688133
1615261787,698689,688933
1615475535,701493,689544
1616429414,703629,698327
1617289595,704383,641803
1617260545,712558,649541
1619817035,715503,650232
1620871840,719616,653355
1620151964,725631,648642
1622139718,726519,674615
1623065804,736904,659841
1623865273,738120,660667
1624639768,742132,679317
1626252926,743613,682146
1628095582,742018,684492
1629359557,746042,687149
1630354312,744334,688575
1631255910,746170,713765
1631879781,747395,714546
1633455834,748277,716345
1634250687,751247,719341
1634884485,751297,719247
1635523815,754409,719661
1636154092,760699,724908
1636700890,760530,725167
1637154128,765266,726632
1638213639,766233,726282
1638901794,767871,723901
1639796915,777483,727413
1641471985,781248,734589
1643908346,784308,732699
1645034164,789273,735144
1645832907,792793,743528
1647289509,795379,746255
1648195678,796178,737119
1649325835,790281,742720
1651132608,790389,740324
1651873987,793436,740739
1652904053,805063,748632
1653524665,808502,751911
1654284431,814537,757026
1655307008,817609,933591
1655905753,821263,604358
1657269093,823298,606615
1658414329,823711,607996
1660326567,828001,608563
1661444067,830542,613670
1663094532,835473,664564
1664286876,844534,671530
1665498083,849232,677899
1665774828,854306,685034
1667463889,857403,689736
1668824906,859880,681818
1671215612,862481,684367
1674003997,873716,689059
1675122013,876122,697059
1676078641,880145,698499
1678268555,883446,701062
1680294580,885185,705047
1682338027,887396,705219
1683800698,896377,709315
1684872962,901905,716569
1685970142,904970,719190
1686315482,906962,720552
1687788792,906711,764117
1689892066,908692,772366
1691426772,909633,772248
1692831597,915502,781680
1694206418,921664,791896
1695136429,914682,794801
1695884837,917889,802294
1696584092,919732,807252
1697654037,921682,811940
1699892995,929048,820670
1701288294,938525,826740
1702762718,942932,829575
1704757301,946333,834456
1705713289,950939,838274
1706638922,956368,831610
1707348877,957790,846910
1708555887,959423,849632
1709936429,961426,851294
1711727640,962761,857230
1712956337,971564,869218
1713974777,973631,879872
1714680321,977472,885325
1715369759,978941,887552
1715977823,984937,896655
1717186637,986596,901192
1718404432,988500,902983
1720803895,996602,867356
1724237987,1008954,876777
1726271571,1019184,886050
1728388782,1027909,888087
1729792183,1033869,898761
1732613764,1041673,908229
1736793253,1054555,958453
1738685964,1069749,977239
1741041851,1080375,986447
